{
  "SMALL.LoBM": {
    "p": 0,
    "q": 2,
    "mu": 0.9736883548110284,
    "phi": [],
    "theta": [
      0.1510323352329334,
      0.048063539243046835
    ],
    "sigma2": 54.035099503357635,
    "aic": 8153.2204949004445,
    "bic": 8173.557400588837,
    "log_lik": -4072.6102474502222,
    "table": [
      [
        0,
        1,
        8159.473734462995,
        8174.728927344852,
        -4076.7368672314974
      ],
      [
        0,
        2,
        8153.2204949004445,
        8173.557400588837,
        -4072.6102474502222
      ],
      [
        1,
        0,
        8158.344533952558,
        8173.599726834415,
        -4076.172266976279
      ],
      [
        1,
        1,
        8160.342713150657,
        8180.6829703264675,
        -4076.1713565753284
      ],
      [
        1,
        2,
        8153.601699802159,
        8179.022831912648,
        -4071.8008499010793
      ],
      [
        2,
        0,
        8154.511743206913,
        8174.848648895305,
        -4073.2558716034564
      ],
      [
        2,
        1,
        8155.606480854171,
        8181.027612964661,
        -4072.8032404270857
      ],
      [
        2,
        2,
        8151.443328175586,
        8181.948686708174,
        -4069.721664087793
      ]
    ],
    "resid_lb": 13.768763886427756,
    "resid_lb_p": 0.3157177616652628,
    "resid_lb_sq": 438.0493700818242,
    "resid_lb_sq_p": 3.251278742439074e-86,
    "resid_arch": 146.24458845745963,
    "resid_arch_p": 8.40829041873046e-30
  },
  "ME1.BM2": {
    "p": 1,
    "q": 0,
    "mu": 1.2372935216556642,
    "phi": [
      0.1603719575062951
    ],
    "theta": [],
    "sigma2": 46.949476681641706,
    "aic": 7990.217256098439,
    "bic": 8005.472448980297,
    "log_lik": -3992.1086280492195,
    "table": [
      [
        0,
        1,
        7990.812803675175,
        8006.0679965570325,
        -3992.4064018375875
      ],
      [
        0,
        2,
        7985.441296728677,
        8005.778202417069,
        -3988.7206483643386
      ],
      [
        1,
        0,
        7990.217256098439,
        8005.472448980297,
        -3992.1086280492195
      ],
      [
        1,
        1,
        7992.064817675951,
        8012.405074851762,
        -3992.0324088379757
      ],
      [
        1,
        2,
        7986.020611292094,
        8011.441743402584,
        -3988.010305646047
      ],
      [
        2,
        0,
        7986.203501494892,
        8006.5404071832845,
        -3989.101750747446
      ],
      [
        2,
        1,
        7982.106733009907,
        8007.527865120396,
        -3986.0533665049534
      ],
      [
        2,
        2,
        7978.510772458664,
        8009.016130991252,
        -3983.255386229332
      ]
    ],
    "resid_lb": 36.86966726219126,
    "resid_lb_p": 0.00023453937935358882,
    "resid_lb_sq": 717.4163543351659,
    "resid_lb_sq_p": 8.234213076102786e-146,
    "resid_arch": 186.3933894595599,
    "resid_arch_p": 2.304758015278503e-38
  },
  "SMALL.HiBM": {
    "p": 2,
    "q": 1,
    "mu": 1.4154827594614963,
    "phi": [
      0.8294125140866923,
      -0.18395998290367072
    ],
    "theta": [
      -0.6473881327983115
    ],
    "sigma2": 62.79116364398233,
    "aic": 8334.385868447167,
    "bic": 8359.807000557657,
    "log_lik": -4162.1929342235835,
    "table": [
      [
        0,
        1,
        8345.181832045306,
        8360.437024927163,
        -4169.590916022653
      ],
      [
        0,
        2,
        8340.806682319266,
        8361.143588007657,
        -4166.403341159633
      ],
      [
        1,
        0,
        8346.709931426865,
        8361.965124308723,
        -4170.354965713433
      ],
      [
        1,
        1,
        8347.138072901887,
        8367.478330077698,
        -4169.569036450944
      ],
      [
        1,
        2,
        8342.428412503732,
        8367.849544614222,
        -4166.214206251866
      ],
      [
        2,
        0,
        8339.644086945555,
        8359.980992633946,
        -4165.822043472777
      ],
      [
        2,
        1,
        8334.385868447167,
        8359.807000557657,
        -4162.1929342235835
      ],
      [
        2,
        2,
        8338.130882993175,
        8368.636241525763,
        -4163.0654414965875
      ]
    ],
    "resid_lb": 34.364853129825185,
    "resid_lb_p": 0.0005907030909714539,
    "resid_lb_sq": 738.0868590202158,
    "resid_lb_sq_p": 3.0802722887877505e-150,
    "resid_arch": 223.50260580482453,
    "resid_arch_p": 2.6398833145991017e-46
  },
  "BIG.LoBM": {
    "p": 0,
    "q": 1,
    "mu": 0.9543629393014655,
    "phi": [],
    "theta": [
      0.07674336228403264
    ],
    "sigma2": 27.55732148206116,
    "aic": 7354.04951115731,
    "bic": 7369.3047040391675,
    "log_lik": -3674.024755578655,
    "table": [
      [
        0,
        1,
        7354.04951115731,
        7369.3047040391675,
        -3674.024755578655
      ],
      [
        0,
        2,
        7350.3256722129045,
        7370.662577901297,
        -3671.1628361064522
      ],
      [
        1,
        0,
        7354.392044411738,
        7369.647237293596,
        -3674.196022205869
      ],
      [
        1,
        1,
        7355.938829535939,
        7376.279086711749,
        -3673.9694147679693
      ],
      [
        1,
        2,
        7351.03489792563,
        7376.456030036119,
        -3670.517448962815
      ],
      [
        2,
        0,
        7349.569439308531,
        7369.9063449969235,
        -3670.7847196542657
      ],
      [
        2,
        1,
        7350.102305480586,
        7375.523437591076,
        -3670.051152740293
      ],
      [
        2,
        2,
        7341.158486221066,
        7371.663844753653,
        -3664.579243110533
      ]
    ],
    "resid_lb": 17.255361752438166,
    "resid_lb_p": 0.14024131960561795,
    "resid_lb_sq": 473.35237265820206,
    "resid_lb_sq_p": 1.0319601119497798e-93,
    "resid_arch": 111.12617541422593,
    "resid_arch_p": 2.3684907035642766e-22
  },
  "ME2.BM2": {
    "p": 2,
    "q": 2,
    "mu": 0.9618907622985994,
    "phi": [
      -0.15360104215933196,
      -0.6925574859490828
    ],
    "theta": [
      0.2984983421154741,
      0.7254791838413135
    ],
    "sigma2": 30.16055286708401,
    "aic": 7461.583445037766,
    "bic": 7492.088803570354,
    "log_lik": -3724.791722518883,
    "table": [
      [
        0,
        1,
        7487.122784662473,
        7502.377977544331,
        -3740.5613923312367
      ],
      [
        0,
        2,
        7483.742567146315,
        7504.079472834707,
        -3737.8712835731576
      ],
      [
        1,
        0,
        7488.210057244563,
        7503.465250126421,
        -3741.1050286222817
      ],
      [
        1,
        1,
        7489.120255839493,
        7509.460513015304,
        -3740.5601279197467
      ],
      [
        1,
        2,
        7483.561059005233,
        7508.982191115722,
        -3736.7805295026164
      ],
      [
        2,
        0,
        7482.107074935415,
        7502.443980623807,
        -3737.0535374677074
      ],
      [
        2,
        1,
        7480.378755080293,
        7505.799887190782,
        -3735.1893775401463
      ],
      [
        2,
        2,
        7461.583445037766,
        7492.088803570354,
        -3724.791722518883
      ]
    ],
    "resid_lb": 20.605991233655697,
    "resid_lb_p": 0.056456452303312796,
    "resid_lb_sq": 832.2677028027746,
    "resid_lb_sq_p": 1.9842007646065854e-170,
    "resid_arch": 170.05725177463907,
    "resid_arch_p": 7.093934495529918e-35
  },
  "BIG.HiBM": {
    "p": 2,
    "q": 2,
    "mu": 1.213077647855747,
    "phi": [
      -0.16319622494538472,
      -0.6241727362200082
    ],
    "theta": [
      0.2935181973074087,
      0.6852390351524479
    ],
    "sigma2": 48.63584202951379,
    "aic": 8031.629714276425,
    "bic": 8062.135072809013,
    "log_lik": -4009.8148571382126,