{
  "Plug-in Tangency": {
    "mean_monthly": 0.849572599476946,
    "sd_monthly": 126.41967125679406,
    "ann_return": 10.194871193723351,
    "ann_vol": 437.93058738584426,
    "sharpe": 0.023279650902166903,
    "max_drawdown": -1.9251166581756685,
    "cum_return": 20550193.877127882,
    "n": 1135
  },
  "Plug-in GMV": {
    "mean_monthly": 0.9986949986906916,
    "sd_monthly": 4.543130793582673,
    "ann_return": 11.9843399842883,
    "ann_vol": 15.737866719831805,
    "sharpe": 0.7614971074311129,
    "max_drawdown": -0.7674766969815388,
    "cum_return": 24420.93006791537,
    "n": 1135
  },
  "Equally Weighted": {
    "mean_monthly": 1.1758087665198236,
    "sd_monthly": 6.337432272130304,
    "ann_return": 14.109705198237883,
    "ann_vol": 21.953509369712712,
    "sharpe": 0.642708414432536,
    "max_drawdown": -0.6758473092692843,
    "cum_return": 65217.012061217254,
    "n": 1135
  },
  "Risk Parity": {
    "mean_monthly": 1.160671405489142,
    "sd_monthly": 6.128502955447316,
    "ann_return": 13.928056865869705,
    "ann_vol": 21.22975698634155,
    "sharpe": 0.6560629438589668,
    "max_drawdown": -0.6755905783758291,
    "cum_return": 63109.340416299914,
    "n": 1135
  },
  "Shrinkage Tangency": {
    "mean_monthly": -4.079429202776928,
    "sd_monthly": 191.71235067307555,
    "ann_return": -48.95315043332313,
    "ann_vol": 664.1110636084566,
    "sharpe": -0.07371229469862392,
    "max_drawdown": -133.23776694075175,
    "cum_return": 3662780.137129216,
    "n": 1135
  },
  "Long-only Tangency": {
    "mean_monthly": 1.277979640522014,
    "sd_monthly": 6.316226394483116,
    "ann_return": 15.335755686264168,
    "ann_vol": 21.880050054704675,
    "sharpe": 0.7009013072603394,
    "max_drawdown": -0.6287923391166066,
    "cum_return": 207701.46607212804,
    "n": 1135
  },
  "Long-only + Shrinkage": {
    "mean_monthly": 1.2675052613991848,
    "sd_monthly": 6.335449434018224,
    "ann_return": 15.210063136790218,
    "ann_vol": 21.9466406170061,
    "sharpe": 0.6930474418487621,
    "max_drawdown": -0.6297115087081135,
    "cum_return": 181446.7078762654,
    "n": 1135
  }
}