{
  "SMALL.LoBM": {
    "coefs": {
      "const": 0.7797589044053431,
      "y_lag1": -0.21231038695225105,
      "Mkt_lag1": 0.4549923321828152,
      "SMB_lag1": 0.0779841040212011,
      "HML_lag1": -0.05563671739959226,
      "Term_lag1": -0.3799867653229662
    },
    "t_stats": {
      "const": 2.907210263351803,
      "y_lag1": -1.5788893570276845,
      "Mkt_lag1": 3.0184561356904873,
      "SMB_lag1": 0.47275756698795834,
      "HML_lag1": -0.4716844762118191,
      "Term_lag1": -1.3879945297090264
    },
    "r2_in_sample": 0.04965707482998183,
    "oos_rmse_arx": 7.155372172361155,
    "oos_rmse_ar1": 7.031214475255503,
    "oos_rmse_naive": 6.9894784390767954,
    "oos_r2_vs_naive": -0.04803289984554615
  },
  "ME1.BM2": {
    "coefs": {
      "const": 0.9307373986078784,
      "y_lag1": 0.22311728639486877,
      "Mkt_lag1": 0.00802148984257549,
      "SMB_lag1": -0.28712264499879375,
      "HML_lag1": 0.19937884309033954,
      "Term_lag1": -0.25000838284098914
    },
    "t_stats": {
      "const": 3.4105914104606714,
      "y_lag1": 1.10891057621424,
      "Mkt_lag1": 0.04003892701284096,
      "SMB_lag1": -2.2944460145657,
      "HML_lag1": 2.49457922769078,
      "Term_lag1": -0.9425497988935283
    },
    "r2_in_sample": 0.05580396719739933,
    "oos_rmse_arx": 5.8425303441742855,
    "oos_rmse_ar1": 5.74513573573921,
    "oos_rmse_naive": 5.651209659450527,
    "oos_r2_vs_naive": -0.0688557884423664
  },
  "SMALL.HiBM": {
    "coefs": {
      "const": 1.20557196040282,
      "y_lag1": -0.007143369712572456,
      "Mkt_lag1": 0.26725638078584507,
      "SMB_lag1": -0.20121778406876742,
      "HML_lag1": 0.26138938795458044,
      "Term_lag1": -0.34975259831380945
    },
    "t_stats": {
      "const": 3.8343124212501385,
      "y_lag1": -0.047284061197199134,
      "Mkt_lag1": 1.6016370716211967,
      "SMB_lag1": -1.1582157985849533,
      "HML_lag1": 1.9153623319681452,
      "Term_lag1": -1.1183812686886674
    },
    "r2_in_sample": 0.061894595717947753,
    "oos_rmse_arx": 6.280876069787492,
    "oos_rmse_ar1": 6.131013618450227,
    "oos_rmse_naive": 6.104982001690447,
    "oos_r2_vs_naive": -0.05845323032276184
  },
  "BIG.LoBM": {
    "coefs": {
      "const": 0.8597130059633641,
      "y_lag1": -0.022730153053011334,
      "Mkt_lag1": 0.10818987974290724,
      "SMB_lag1": -0.0744109638652278,
      "HML_lag1": 0.037906633643993236,
      "Term_lag1": 0.10656133784199945
    },
    "t_stats": {
      "const": 4.182843244729348,
      "y_lag1": -0.22742407910254342,
      "Mkt_lag1": 1.1795173504621395,
      "SMB_lag1": -0.6607414710526518,
      "HML_lag1": 0.40974219891250424,
      "Term_lag1": 0.5256676088972255
    },
    "r2_in_sample": 0.015391374496695587,
    "oos_rmse_arx": 4.6321589881565535,
    "oos_rmse_ar1": 4.569351601470316,
    "oos_rmse_naive": 4.555299706913451,
    "oos_r2_vs_naive": -0.03402967542472157
  },
  "ME2.BM2": {
    "coefs": {
      "const": 0.7207239727159476,
      "y_lag1": 0.6013916477325133,
      "Mkt_lag1": -0.4847041496785814,
      "SMB_lag1": 0.2519639030305688,
      "HML_lag1": 0.190821130677657,
      "Term_lag1": 0.010437035025314408
    },
    "t_stats": {
      "const": 3.3621682087777787,
      "y_lag1": 4.752635511876374,
      "Mkt_lag1": -4.038041596873981,
      "SMB_lag1": 2.334153546480913,
      "HML_lag1": 2.9520889187512185,
      "Term_lag1": 0.048636939747186754
    },
    "r2_in_sample": 0.05346930886151713,
    "oos_rmse_arx": 4.755228050558265,
    "oos_rmse_ar1": 4.573507549287143,
    "oos_rmse_naive": 4.534681191911391,
    "oos_r2_vs_naive": -0.09963658369486694
  },
  "BIG.HiBM": {
    "coefs": {
      "const": 1.0784811065287991,
      "y_lag1": -0.03573211765374894,
      "Mkt_lag1": 0.1648385825541536,
      "SMB_lag1": -0.39839209611260323,
      "HML_lag1": 0.43094997877817104,
      "Term_lag1": -0.04234339637298906
    },
    "t_stats": {
      "const": 3.9564160356693714,
      "y_lag1": -0.2754405043310067,
      "Mkt_lag1": 1.121518305847027,
      "SMB_lag1": -2.93453304320782,
      "HML_lag1": 3.818720679345218,
      "Term_lag1": -0.15473494680644032
    },
    "r2_in_sample": 0.04102486514526871,
    "oos_rmse_arx": 5.839169637164602,
    "oos_rmse_ar1": 5.682549669433623,
    "oos_rmse_naive": 5.661293884381014,
    "oos_r2_vs_naive": -0.06382645082282346
  }
}