{
  "SMALL.LoBM": {
    "coefs": {
      "alpha": -0.00317190821472459,
      "Mkt_RF": 1.088850501881722,
      "SMB": 0.9551562673432958,
      "HML": -0.6357712918210008
    },
    "t_stats": {
      "alpha": -0.05102421010289856,
      "Mkt_RF": 88.51373020551458,
      "SMB": 34.84565490442786,
      "HML": -29.885563233555786
    },
    "r2": 0.9181896257922277,
    "resid_std": 2.128441534985183
  },
  "ME1.BM2": {
    "coefs": {
      "alpha": 0.40071517734764556,
      "Mkt_RF": 0.9531636968639843,
      "SMB": 0.4074462916804782,
      "HML": 0.015093056372093768
    },
    "t_stats": {
      "alpha": 11.166381976702343,
      "Mkt_RF": 135.20257921019652,
      "SMB": 33.42274851319228,
      "HML": 1.3849286526324627
    },
    "r2": 0.9687529041697744,
    "resid_std": 1.228635013836767
  },
  "SMALL.HiBM": {
    "coefs": {
      "alpha": 0.44435672598113557,
      "Mkt_RF": 1.0190355937142495,
      "SMB": 0.7297435611728477,
      "HML": 0.6015303989872454
    },
    "t_stats": {
      "alpha": 7.991974330928185,
      "Mkt_RF": 92.38600762850129,
      "SMB": 31.387887347880447,
      "HML": 32.53566483948807
    },
    "r2": 0.944535525570855,
    "resid_std": 1.9053793263621353
  },
  "BIG.LoBM": {
    "coefs": {
      "alpha": 0.5208925398623155,
      "Mkt_RF": 0.8424304970814829,
      "SMB": -0.7233110105488428,
      "HML": -0.5824401871460112
    },
    "t_stats": {
      "alpha": 9.048608270331568,
      "Mkt_RF": 82.65989377739963,
      "SMB": -26.86535808307597,
      "HML": -28.236770049058496
    },
    "r2": 0.8611634799605334,
    "resid_std": 1.9646329039433625
  },
  "ME2.BM2": {
    "coefs": {
      "alpha": 0.23510088720391334,
      "Mkt_RF": 0.8886605063037643,
      "SMB": -0.5093054988828863,
      "HML": 0.07469000376483056
    },
    "t_stats": {
      "alpha": 5.015666378612494,
      "Mkt_RF": 101.586202132719,
      "SMB": -29.07423322026976,
      "HML": 5.273764037356076
    },
    "r2": 0.9182034559910097,
    "resid_std": 1.6040747687182078
  },
  "BIG.HiBM": {
    "coefs": {
      "alpha": 0.23565468983553925,
      "Mkt_RF": 1.077874719065,
      "SMB": -0.5836777449737209,
      "HML": 0.5497070204083337
    },
    "t_stats": {
      "alpha": 3.9536675361661917,
      "Mkt_RF": 90.580661103128,
      "SMB": -24.363706136986725,
      "HML": 29.025785528250783
    },
    "r2": 0.9174085978269607,
    "resid_std": 2.0374979589565925
  }
}