{
  "mu": [
    0.9743094560669459,
    1.236130209205021,
    1.420314728033473,
    0.9581884518828451,
    0.9622049372384938,
    1.2126323849372385
  ],
  "Sigma": [
    [
      55.23603626475974,
      48.9033641683657,
      53.40440300032963,
      33.2217668818346,
      34.02683113432511,
      42.535344671644935
    ],
    [
      48.9033641683657,
      48.18851586378513,
      53.924948713206284,
      30.763599810257013,
      34.49118365549561,
      44.07980167060378
    ],
    [
      53.40440300032963,
      53.924948713206284,
      65.29131718514306,
      33.1251048301786,
      39.60084629838618,
      52.53158443358456
    ],
    [
      33.2217668818346,
      30.763599810257013,
      33.1251048301786,
      27.731064566549957,
      26.24793797388454,
      30.615856311379325
    ],
    [
      34.02683113432511,
      34.49118365549561,
      39.60084629838618,
      26.24793797388454,
      31.377742547102894,
      36.98507335182489
    ],
    [
      42.535344671644935,
      44.07980167060378,
      52.53158443358456,
      30.615856311379325,
      36.98507335182489,
      50.13799470317987
    ]
  ],
  "w_tan": [
    -2.1238335701800883,
    2.1305238509477817,
    0.5056613397335996,
    1.7293022921989054,
    -0.8660881080853884,
    -0.37556580461480954
  ],
  "mu_tan": 1.6507519864355447,
  "sigma_tan": 6.622749893983458,
  "w_gmv": [
    -0.4518552908217419,
    0.6346717087143612,
    -0.3439868700834613,
    0.7838635129201031,
    0.8189609353344295,
    -0.4416539960636919
  ],
  "mu_gmv": 0.8592536543712402,
  "sigma_gmv": 4.778131897412164
}