{
  "SMALL.LoBM": {
    "omega": 1.4473115544352213,
    "alpha": 0.1363113389441324,
    "beta": 0.8433146975615655,
    "persistence": 0.9796260365056979,
    "uncond_var": 71.0373096938151,
    "log_lik": -3926.315053419687,
    "aic": 7858.630106839374,
    "bic": 7873.882786105668,
    "std_lb_sq": 4.852056664440248,
    "std_lb_sq_p": 0.9627385424879039,
    "std_arch": 2.158163535453496,
    "std_arch_p": 0.826855513350449
  },
  "ME1.BM2": {
    "omega": 1.2155454495178706,
    "alpha": 0.13319077441174193,
    "beta": 0.8427440109024157,
    "persistence": 0.9759347853141576,
    "uncond_var": 50.51047602882933,
    "log_lik": -3777.4595117723206,
    "aic": 7560.919023544641,
    "bic": 7576.174216426499,
    "std_lb_sq": 5.894644781666798,
    "std_lb_sq_p": 0.9212994385023696,
    "std_arch": 2.3222395366307462,
    "std_arch_p": 0.8029950255872592
  },
  "SMALL.HiBM": {
    "omega": 1.2902649499913041,
    "alpha": 0.1306092768157977,
    "beta": 0.8490939062981904,
    "persistence": 0.9797031831139881,
    "uncond_var": 63.569817732381644,
    "log_lik": -3883.762451103061,
    "aic": 7773.524902206122,
    "bic": 7788.7775814724155,
    "std_lb_sq": 4.797342410909139,
    "std_lb_sq_p": 0.9644074196611634,
    "std_arch": 2.6874326393890713,
    "std_arch_p": 0.7480398783464945
  },
  "BIG.LoBM": {
    "omega": 0.6906066500817067,
    "alpha": 0.1313525448549827,
    "beta": 0.8487545576293241,
    "persistence": 0.9801071024843068,
    "uncond_var": 34.716242293858734,
    "log_lik": -3536.713096712928,
    "aic": 7079.426193425856,
    "bic": 7094.681386307713,
    "std_lb_sq": 9.566298757434675,
    "std_lb_sq_p": 0.6539499805527509,
    "std_arch": 2.330842632305311,
    "std_arch_p": 0.8017264763384241
  },
  "ME2.BM2": {
    "omega": 0.6702487235585686,
    "alpha": 0.13080440782184283,
    "beta": 0.8478166005343011,
    "persistence": 0.978621008356144,
    "uncond_var": 31.350810867227537,
    "log_lik": -3490.3874185701725,
    "aic": 6986.774837140345,
    "bic": 7002.027516406639,
    "std_lb_sq": 11.337698603403782,
    "std_lb_sq_p": 0.5002209053049756,
    "std_arch": 4.225525887742174,
    "std_arch_p": 0.5174236266032686
  },
  "BIG.HiBM": {
    "omega": 1.2626464020708095,
    "alpha": 0.1360937977564744,
    "beta": 0.8333478613657181,
    "persistence": 0.9694416591221926,
    "uncond_var": 41.31920666503822,
    "log_lik": -3732.1741784942997,
    "aic": 7470.348356988599,
    "bic": 7485.601036254893,
    "std_lb_sq": 8.94276483545112,
    "std_lb_sq_p": 0.7078111575841599,
    "std_arch": 3.1619517629970595,
    "std_arch_p": 0.6750337648465148
  }
}