{
  "pair": [
    "SMALL.LoBM",
    "BIG.HiBM"
  ],
  "beta": 0.7046566210731251,
  "performance": {
    "mean_monthly": -0.5286345278502759,
    "sd_monthly": 3.457125102225255,
    "ann_return": -6.343614334203311,
    "ann_vol": 11.97583265035178,
    "sharpe": -0.5297013175962317,
    "max_drawdown": -0.9991040770638873,
    "cum_return": -0.999027609361771,
    "n": 1171
  }
}