{
  "lag": 1,
  "Sigma": [
    [
      53.45989596567521,
      47.06883907229336,
      51.17009690749326,
      32.62900776289676,
      33.01609414653735,
      41.314123456115034
    ],
    [
      47.06883907229336,
      46.16345425578843,
      51.41569308362662,
      30.131321765497603,
      33.27830277172376,
      42.60011719022833
    ],
    [
      51.17009690749326,
      51.41569308362662,
      62.08683536450693,
      32.4005928856063,
      38.11275090406273,
      50.66987135399447
    ],
    [
      32.62900776289676,
      30.131321765497603,
      32.4005928856063,
      27.532369021844175,
      25.89245341011937,
      30.204894821373596
    ],
    [
      33.01609414653735,
      33.27830277172376,
      38.11275090406273,
      25.89245341011937,
      30.599648485716745,
      36.04311336976727
    ],
    [
      41.314123456115034,
      42.60011719022833,
      50.66987135399447,
      30.204894821373596,
      36.04311336976727,
      48.981657021691824
    ]
  ],
  "beta_shape": [
    7,
    6
  ]
}